{"cameraMode":{"drawMode":0,"name":"Shaded","section":"Shading Mode"},"sceneLighting":true,"audioPlay":false,"sceneViewState":{"m_AlwaysRefresh":false,"showFog":true,"showSkybox":true,"showFlares":true,"showImageEffects":true,"showParticleSystems":true,"showVisualEffectGraphs":true,"m_FxEnabled":true},"in2DMode":false,"pivot":{"x":0.0004170238971710205,"y":0.454023540019989,"z":-0.002953052520751953},"rotation":{"x":0.11032259464263916,"y":0.20946136116981507,"z":-0.02379128895699978,"w":0.9712879657745361},"size":1.7430315017700196,"orthographic":false}