{"cameraMode":{"drawMode":0,"name":"Shaded","section":"Shading Mode"},"sceneLighting":false,"audioPlay":false,"sceneViewState":{"m_AlwaysRefresh":false,"showFog":true,"showSkybox":false,"showFlares":true,"showImageEffects":true,"showParticleSystems":true,"showVisualEffectGraphs":true,"m_FxEnabled":true},"in2DMode":false,"pivot":{"x":-1.5574780702590943,"y":-24.980850219726564,"z":-76.65042877197266},"rotation":{"x":-0.0009744011331349611,"y":0.9897883534431458,"z":-0.14232179522514344,"w":-0.006815517786890268},"size":47.81108093261719,"orthographic":false}