{"cameraMode":{"drawMode":0,"name":"Shaded","section":"Shading Mode"},"sceneLighting":false,"audioPlay":false,"sceneViewState":{"m_AlwaysRefresh":false,"showFog":true,"showSkybox":false,"showFlares":true,"showImageEffects":true,"showParticleSystems":true,"showVisualEffectGraphs":true,"m_FxEnabled":true},"in2DMode":false,"pivot":{"x":0.06000000238418579,"y":0.6499999761581421,"z":-0.0140000581741333},"rotation":{"x":0.14963127672672273,"y":0.21468664705753327,"z":-0.03330251947045326,"w":0.9645816683769226},"size":1.5371239185333253,"orthographic":false}